Site,Date,Time,Species,group,Height,Distance,Compass,UTM_X,UTM_Y,Lat,Long,Accuracy,Elevation,Trail_Marker,Transect,Habitat,nose,Behavior,Cue
1MGB,27-03-11,07:35,Eulemur albifrons,2,4,na,10,339063,8307397,-15.304877,49.501019,40,582,0,Z,Edge,RF,Alarm call,Call
1MGB,28-03-11,06:47,Indri indri,4 to 5,20,>100,70,339443,8306173,-15.315963,49.504479,8,582,425,G,Ridge,RF,Social call,Call
1MGB,28-03-11,06:49,Indri indri,4 to 5,20,>100,70,339443,8306173,-15.315963,49.504479,8,582,425,G,Ridge,RF,Social call,Call
1MGB,20-04-11,08:57,Indri indri,2,12,15,340,338288,8306416,-15.313695,49.493739,6,599,1025,M,Ridge,RF,Jumping,See
1MGB,28-03-11,07:05,Varecia variegata,3 to 5,10,>100,90,339490,8306098,-15.316644,49.504911,9,610,525,G,Ridge,RF,Social call,Call
2AJB,13-11-10,11:42,Avahi laniger,3,3,5,20,352523,8319655,-15.194889,49.627079,5,538,1850,R,Ridge,RF,Sleep,
2AJB,15-11-10,18:46,Eulemur albifrons,5,10,15,20,352541,8319630,-15.195116,49.627245,5,531,1825,R,Ridge,RF,Stop,
2AJB,15-11-10,18:31,Microcebus rufus*,1,3,4,260,352460,8319691,-15.194561,49.626495,5,560,1950,R,Ridge,RF,Stop,
3AJB,12-09-11,19:30,Avahi laniger,1,5,7,320,351808,8319857,-15.193023,49.620436,4,563,1100,A,Ridge,RF,Stop,
3AJB,12-09-11,19:53,Avahi laniger,1,4,7,260,351783,8319453,-15.196673,49.620179,4,507,675,A,Ridge,RF,Stop,
3AJB,22-09-11,18:48,Avahi laniger,1,10,7,340,352480,8319684,-15.194625,49.62668,5,465,1925,R,Ridge,RF,Stop,
3AJB,29-09-11,19:15,Avahi laniger,2,10,7,260,351560,8320661,-15.185742,49.618175,4,573,1325,C,Ridge,RF,Stop,
3AJB,01-10-11,20:37,Avahi laniger,2,8,7,200,351553,8319287,-15.19816,49.618029,5,411,1350,A,Ridge,RF,Stop,
3AJB,03-10-11,18:36,Avahi laniger,1,4,7,80,352353,8319266,-15.198396,49.625474,5,512,1500,R,Ridge,RF,Stop,
3AJB,03-10-11,18:59,Avahi laniger,1,5,7,140,352458,8319393,-15.197254,49.626459,5,541,1305,R,Ridge,RF,Stop,
3AJB,05-10-11,18:26,Avahi laniger,1,5,7,140,351396,8319232,-15.198649,49.616564,6,401,150,A,Ridge,RF,Stop,
3AJB,18-10-11,19:36,Avahi laniger,1,5,7,120,351803,8319591,-15.195427,49.620374,3,504,775,A,Ridge,RF,Stop,
3AJB,18-10-11,19:48,Avahi laniger,2,5,7,240,351744,8319386,-15.197276,49.619813,3,492,350,A,Ridge,RF,Stop,
3AJB,18-10-11,19:53,Avahi laniger,1,6,7,280,351669,8319328,-15.197796,49.619111,5,474,500,A,Ridge,RF,Stop,
3AJB,20-10-11,18:20,Avahi laniger,1,5,7,120,351794,8320940,-15.183234,49.620369,6,718,1875,C,Ridge,RF,Jumping,
3AJB,21-10-11,19:12,Avahi laniger,1,6,7,260,352298,8318956,-15.201195,49.624944,4,556,975,R,Ridge,RF,Stop,
3AJB,29-09-11,18:53,Eulemur albifrons,6,10,7,260,351782,8320806,-15.184444,49.62025,4,654,1650,C,Ridge,RF,Stop,
3AJB,05-09-11,20:10,Microcebus rufus*,1,6,7,140,352362,8319037,-15.200466,49.625544,5,543,1050,R,Ridge,RF,Stop,
3AJB,05-09-11,20:11,Microcebus rufus*,1,4,7,140,352362,8319037,-15.200466,49.625544,5,543,1050,R,Ridge,RF,Stop,
3AJB,22-09-11,19:35,Microcebus rufus*,1,9,7,160,352365,8319047,-15.200376,49.625573,3,558,1550,R,Ridge,RF,Jumping,
3AJB,22-09-11,19:53,Microcebus rufus*,1,4,7,260,352312,8318959,-15.201168,49.625074,5,543,975,R,Ridge,RF,Jumping,
3AJB,26-09-11,19:40,Microcebus rufus*,1,9,7,240,352346,8319261,-15.198441,49.625408,4,521,1300,R,Ridge,RF,Jumping,
3AJB,30-09-11,19:32,Microcebus rufus*,1,2,7,240,351117,8329382,-15.197277,49.613976,5,481,725,C,Ridge,RF,Jumping,
3AJB,04-10-11,18:20,Microcebus rufus*,1,3,7,300,352564,8319564,-15.195714,49.627455,5,515,1175,R,Ridge,RF,Stop and Jumping ,
3AJB,19-10-11,19:16,Microcebus rufus*,1,2,7,260,351795,8319797,-15.193565,49.620311,4,447,1050,A,Ridge,RF,Jumping,
4AJB,07-08-12,20:29,Avahi laniger,1,6,7,340,351489,8319296,-15.198075,49.617434,5,324,275,A,Ridge,RF,Stop ,See
4AJB,24-09-12,19:17,Avahi laniger,1,6,7,220,351891,8319858,-15.193019,49.621208,4,558,1200,A,Ridge,RF,Stop,see
4AJB,02-10-12,18:21,Avahi laniger,1,6,7,340,352489,8319680,-15.194662,49.626764,4,550,2075,R,Ridge,RF,Stop,See
4AJB,05-10-12,08:41,Eulemur albifrons,2,6,7,220,352570,8319574,-15.195624,49.627512,4,459,1925,R,Ridge,RF,Feeding,see
4AJB,03-10-12,19:03,Microcebus rufus,1,g,7,80,352339,8319227,-15.198747,49.625341,3,516,1150,R,Ridge,RF,Jumping,See
SOA,26-04-11,18:55,Avahi laniger,2,5,7,280,334174,8346590,-14.950348,49.458057,4,1115,775,D,Ridge,RF,Stop,Seen
SOA,26-04-11,19:35,Avahi laniger,1,6,7,220,334142,8346338,-14.952623,49.457744,4,1134,1200,D,Ridge,RF,Jumping,Seen
SOA,03-05-11,20:50,Avahi laniger,1,7,7,320,333650,8346045,-14.955241,49.453151,3,1074,2000,D,Ridge,RF,Stop,Seen
SOA,08-05-11,20:10,Avahi laniger,2,3,7,140,334146,8346340,-14.952606,49.457781,4,1145,1175,D,Ridge,RF,Stop,Seen
SOA,18-04-11,09:08,Eulemur albifrons,6,10,12,300,334056,8346221,-14.953675,49.456937,4,1106,1350,D,Ridge,RF,Stop,Seen
SOA,26-04-11,08:50,Eulemur albifrons,9,12,6,120,333950,8347076,-14.945941,49.456007,4,1098,75,D,Ridge,RF,Jumping,Seen
SOA,29-04-11,09:52,Eulemur albifrons,14,12,6,280,334046,8347045,-14.946227,49.456897,3,1126,200,D,Ridge,RF,Jumping,Seen
SOA,19-04-11,18:55,Microcebus rufus*,1,2,7,220,333876,8345960,-14.956023,49.455246,4,1102,1750,D,Ridge,RF,Jumping,Seen
SOA,19-04-11,19:02,Microcebus rufus*,1,2,3,20,333928,8346024,-14.955448,49.455734,4,1109,1625,D,Ridge,RF,Jumping,Seen
SOA,26-04-11,19:35,Microcebus rufus*,1,3,5,200,334142,8346338,-14.952623,49.457744,4,1134,1200,D,Ridge,RF,Jumping,Seen
SOA,28-03-11,08:10,Varecia variegata,2,15,12,80,333198,8347048,-14.946147,49.449014,4,1076,75,C,Ridge,RF,Stop,Seen
SOA,19-04-11,08:45,Varecia variegata,2,18,10,60,334048,8347050,-14.946182,49.456916,4,1121,200,D,Ridge,RF,Jumping,Seen
SOA,19-04-11,19:35,Varecia variegata,1,10,12,40,334033,8346218,-14.953701,49.456723,5,1117,1350,D,Ridge,RF,Stop,Seen
SOA,29-04-11,09:52,Varecia variegata,2,9,14,20,334046,8347045,-14.946227,49.456897,3,1126,200,D,Ridge,RF,Stop,Seen
SOA,03-05-11,19:35,Varecia variegata,1,15,6,260,334164,8346660,-14.949715,49.457969,4,1160,750,D,Ridge,RF,Stop,Seen
SOA,04-05-11,09:34,Varecia variegata,4,20,8,140,334151,8346767,-14.948747,49.457855,4,1128,575,D,Ridge,RF,Stop,Seen
SOA,08-05-11,18:56,Varecia variegata,2,14,6,200,334143,8346771,-14.94871,49.457781,5,1131,575,D,Ridge,RF,Stop,Seen
1MGB,20-04-11,19:07,Avahi laniger,1,7,6,180,338066,8306410,-15.313735,49.491671,8,608,1275,M,slope,RF,Stop,See
1MGB,22-04-11,18:20,Avahi laniger,1,8,8,280,339342,8308437,-15.295495,49.503683,6,688,1675,Z,Slope,RF,Stop,See
1MGB,17-05-11,na,Eulemur albifrons,4,6,8,300,339329,8308243,-15.297248,49.50355,7,788,1425,Z,slope,RF,Jumping,See
1MGB,11-05-11,08:37,Indri indri,na,na,400,80,339389,8308087,-15.298661,49.504099,7,809,1225,Z,slope,RF,Calling,Hear
1MGB,12-04-11,18:23,Microcebus rufus*,1,0.5,1,180,337594,8306409,-15.313714,49.487275,11,780,1825,M,slope,RF,Stop,See
1MGB,26-04-11,18:39,Microcebus rufus*,1,5,15,20,338235,8306431,-15.313556,49.493246,6,635,1075,M,Slope,RF,Stop,See
1MGB,26-04-11,19:21,Microcebus rufus*,1,5,4,180,338351,8306432,-15.313554,49.494326,4,626,950,M,Slope,RF,Stop,See
2AJB,15-11-10,19:29,Avahi laniger,1,11,8,280,352521,8319427,-15.19695,49.627047,5,520,1550,R,Slope,RF,Stop,
2AJB,15-11-10,18:57,Cheirogaleus major,1,4,5,160,352551,8319602,-15.19537,49.627336,6,521,1800,R,slope,RF,Stop,
2MGB,28-06-12,18:23,Avahi laniger,1,6,10,80,337816,8306329,-15.314451,49.489338,4,663,1575,M,Slope,RF,Stop,See
3AJB,05-09-11,19:10,Avahi laniger,1,2,7,200,352493,8319677,-15.194689,49.626801,4,538,1900,R,Slope,RF,Stop,
3AJB,05-09-11,19:50,Avahi laniger,2,5,7,240,352382,8319313,-15.197973,49.625746,5,508,1400,R,Slope,RF,Stop,
3AJB,12-09-11,18:54,Avahi laniger,1,6,7,160,352090,8320433,-15.187833,49.623094,4,591,1775,A,Slope,RF,Stop,
3AJB,23-09-11,18:57,Avahi laniger,1,6,7,80,351459,8319278,-15.198236,49.617154,4,354,1275,R,Slope,Rf,Stop,
3AJB,23-09-11,19:19,Avahi laniger,1,10,7,40,351641,8319297,-15.198075,49.618849,3,479,1475,R,Slope,RF,Stop ,
3AJB,29-09-11,20:02,Avahi laniger,1,14,7,160,351289,8320128,-15.190544,49.615621,6,506,325,C,Slope,RF,Stop ,
3AJB,07-10-11,18:51,Avahi laniger,1,6,7,280,351655,8320718,-15.185232,49.619062,5,604,1475,C,Slope,RF,Stop,
3AJB,12-09-11,18:47,Eulemur albifrons,1,10,7,280,352072,8320385,-15.188266,49.622924,4,594,1725,A,Slope,RF,Stop,
3AJB,29-09-11,18:44,Eulemur albifrons,4,13,7,240,351740,8320866,-15.183899,49.619862,6,643,1725,C,Slope,RF,Stop,
3AJB,30-09-11,18:46,Eulemur albifrons,4,11,7,200,351711,8320774,-15.184729,49.619587,5,621,1625,C,Slope,RF,Stop  ,
3AJB,02-09-11,18:04,Microcebus rufus*,2,5,7,160,351779,8320830,-15.184227,49.620223,4,583,1700,C,Slope,RF,Stop,
3AJB,05-09-11,19:50,Microcebus rufus*,1,2.5,7,240,352382,8319313,-15.197973,49.625746,5,507,1400,R,Slope,RF,Stop and Jumping ,
4AJB,06-08-12,18:41,Avahi laniger,1,5,7,160,351772,8320747,-15.184977,49.620153,5,560,1600,C,Slope,RF,Jumping,See
4AJB,02-10-12,19:21,Avahi laniger,1,8,7,110,351118,8320380,-15.188256,49.614045,4,452,725,C,Slope,RF,Stop,See
4AJB,02-10-12,18:34,Microcebus rufus,1,8,7,160,352570,8319573,-15.195633,49.627512,4,524,1900,R,Slope,RF,Jumping,See
SOA,01-04-11,19:33,Avahi laniger,1,8,7,60,333084,8345424,-14.960817,49.447849,5,994,1150,B,Slope,RF,Stop,Seen
SOA,04-04-11,18:50,Avahi laniger,2,6,7,340,333225,8345194,-14.962905,49.449145,4,971,725,B,Slope,RF,Stop,Seen
SOA,15-04-11,19:12,Avahi laniger,1,10,7,320,333228,8345165,-14.963167,49.449171,5,1059,725,B,Slope,RF,Stop,Seen
SOA,18-04-11,18:32,Avahi laniger,1,4,7,80,333753,8346036,-14.955328,49.454108,4,1072,1875,D,Slope,RF,Jumping,Seen
SOA,18-04-11,18:45,Avahi laniger,2,4,7,40,333824,8345989,-14.955758,49.454765,4,1099,1725,D,Slope,RF,Jumping,Seen
SOA,19-04-11,20:14,Avahi laniger,1,8,7,40,334179,8346622,-14.950059,49.458106,4,1140,725,D,Slope,RF,Stop,Seen
SOA,26-04-11,19:25,Avahi laniger,2,6,7,140,334163,8346387,-14.952182,49.457942,4,1145,1100,D,Slope,RF,Stop,Seen
SOA,26-04-11,20:40,Avahi laniger,2,4,7,340,333754,8346033,-14.955356,49.454117,4,1084,1875,D,Slope,RF,Stop,Seen
SOA,03-05-11,20:45,Avahi laniger,1,10,7,260,333722,8346034,-14.955344,49.45382,4,1072,1925,D,Slope,RF,Stop,Seen
SOA,08-05-11,19:44,Avahi laniger,2,6,7,240,334249,8346461,-14.951518,49.458746,4,1146,1000,D,Slope,RF,Stop,Seen
SOA,01-04-11,09:05,Eulemur albifrons,8,11,7,220,333066,8345394,-14.961087,49.44768,4,997,1000,B,Slope,RF,Jumping,Seen
SOA,01-04-11,20:12,Eulemur albifrons,4,12,7,240,332968,8345866,-14.956815,49.446799,3,1017,1525,B,Slope,RF,Stop,Seen
SOA,01-04-11,20:28,Eulemur albifrons,8,18,7,60,333128,8345941,-14.956148,49.448292,4,990,1800,B,Slope,RF,Stop,Seen
SOA,04-04-11,19:08,Eulemur albifrons,2,14,7,120,333149,8345321,-14.961752,49.448446,4,971,925,B,Slope,RF,Stop,Seen
SOA,07-04-11,09:05,Eulemur albifrons,9,10,7,340,333226,8345207,-14.962788,49.449155,4,989,725,B,Slope,RF,Jumping,Seen
SOA,11-04-11,18:28,Eulemur albifrons,2,20,7,320,334174,8348049,-14.937161,49.458152,5,1214,1925,C,Slope,RF,Stop,Seen
SOA,14-04-11,18:37,Eulemur albifrons,10,12,7,340,334183,8348075,-14.936927,49.458237,4,1206,1950,C,Slope,RF,Stop,Seen
SOA,26-04-11,19:25,Eulemur albifrons,2,20,10,240,334163,8346387,-14.952182,49.457942,4,1145,1100,D,Slope,RF,Stop,Seen
SOA,29-04-11,08:32,Eulemur albifrons,2,10,12,120,333796,8346008,-14.955584,49.454506,5,1085,1825,D,Slope,RF,Jumping,Seen
SOA,01-04-11,18:59,Eulemur rubriventer,2,14,10,160,333242,8345174,-14.963087,49.449301,4,994,725,B,Slope,RF,Stop,Seen
SOA,16-04-11,11:10,Eulemur rubriventer,6,6,5,60,333703,8347684,-14.940431,49.45375,3,1143,1175,C,Slope,RF,Stop,Seen
SOA,16-04-11,19:45,Eulemur rubriventer,6,4,10,140,333612,8347531,-14.941808,49.452894,4,1112,925,C,Slope,RF,Stop,Seen
SOA,13-04-11,18:42,Microcebus rufus*,1,5,5,100,334064,8348003,-14.93757,49.457126,5,1201,1825,C,Slope,RF,Stop,Seen
SOA,13-04-11,20:04,Microcebus rufus*,1,4,7,200,333609,8347542,-14.941708,49.452867,4,1119,975,C,Slope,RF,Stop,Seen
SOA,13-04-11,18:28,Varecia variegata,4,20,8,260,334215,8348080,-14.936884,49.458535,5,1219,1975,C,Slope,RF,Stop,Seen
SOA,16-04-11,19:54,Varecia variegata,2,20,12,240,333468,8347527,-14.941835,49.451555,4,1138,750,C,Slope,RF,Stop,Seen
SOA,18-04-11,09:50,Varecia variegata,2,16,10,200,333780,8346023,-14.955448,49.454358,3,1097,1850,D,Slope,RF,Stop,Seen
SOA,18-04-11,20:04,Varecia variegata,2,16,10,40,334264,8346494,-14.951221,49.458888,4,1147,925,D,Slope,RF,Stop,Seen
SOA,26-04-11,09:18,Varecia variegata,2,22,14,240,334143,8346820,-14.948267,49.457784,5,1162,475,D,Slope,RF,Stop,Seen
SOA,26-04-11,20:55,Varecia variegata,4,22,8,280,333719,8346043,-14.955263,49.453792,4,1086,1925,D,Slope,RF,Stop,Seen
SOA,04-05-11,08:12,Varecia variegata,2,18,12,160,333743,8346035,-14.955337,49.454015,4,1067,1900,D,Slope,RF,Stop,Seen
SOA,04-05-11,08:28,Varecia variegata,4,16,8,100,333771,8346031,-14.955375,49.454275,4,1078,1850,D,Slope,RF,Stop,Seen
SOA,08-05-11,20:00,Varecia variegata,2,16,9,280,334197,8346435,-14.95175,49.458261,4,1131,1050,D,Slope,RF,Stop,Seen
2AJB,11-12-10,20:36,Cheirogaleus major,1,15,20,260,351444,8320048,-15.191276,49.617059,4,485,75,C,Stream,RF,Stop,
2AJB,11-12-10,20:40,Cheirogaleus major,1,18,25,60,351454,8320066,-15.191114,49.617153,8,485,50,C,Stream,RF,Stop,
1MGB,26-04-11,18:24,Microcebus rufus*,1,3,5,340,337568,8306204,-15.315566,49.48702,5,679,1925,M,Valley,RF,Stop,See
1MGB,02-05-11,18:27,Microcebus rufus*,1,2,2,60,337578,8306288,-15.314807,49.487119,9,681,1850,M,Valley,RF,Jumping,See
1MGB,02-05-11,18:37,Microcebus rufus*,1,3,5,340,337670,8306286,-15.314831,49.487975,7,682,1725,M,Valley,RF,Stop,See
2MGB,28-06-12,18:19,Avahi laniger,2,8,10,100,337817,8306316,-15.314569,49.489346,3,668,1600,M,Valley,RF,Stop,See
2MGB,28-06-12,18:35,Avahi laniger,1,4,3,40,338000,8306491,-15.312999,49.491062,9,624,1375,M,Valley,RF,Stop,see
2MGB,16-07-12,18:13,Avahi laniger,1,4,6,300,340163,8305304,-15.323862,49.511128,10,400,1875,R,Valley,RF,Stop,See
3AJB,26-08-11,08:56,Eulemur albifrons,5,10,7,100,351216,8320486,-15.187304,49.614963,4,416,900,C,Valley,RF,Jumping,
3AJB,12-09-11,19:07,Eulemur albifrons,2,12,7,260,352020,8320151,-15.190378,49.622426,5,566,1475,A,Valley,RF,Stop,
3AJB,04-10-11,08:45,Varecia rubra,2,10,7,20,352508,8319442,-15.196814,49.626927,6,508,1600,R,Valley,RF,Stop and stand,
4AJB,06-08-12,20:33,Avahi laniger,1,7,7,80,351356,8320049,-15.191262,49.61624,6,494,200,C,Valley,RF,Jumping,See
4AJB,27-08-12,19:21,Avahi laniger,1,5,7,320,351234,8320497,-15.187206,49.615131,4,506,900,C,Valley,RF,Stop,see
4AJB,17-09-12,18:34,Avahi laniger,1,9,7,240,352058,8320243,-15.189548,49.622785,6,586,1700,A,Valley,RF,Stop,See
4AJB,01-10-12,19:08,Avahi laniger,1,5,7,300,351299,8320537,-15.186848,49.615739,3,274,975,C,Valley,RF,Stop,See
4AJB,04-10-12,,Avahi laniger,1,4,7,240,351294,8320133,-15.190499,49.615668,5,441,325,C,Valley,RF,stop,see
4AJB,03-09-12,18:24,Microcebus rufus,1,2,7,280,352199,8320633,-15.186031,49.624121,4,641,2200,A,Valley,RF,Stop,see
4AJB,03-10-12,20:35,Microcebus rufus,1,5,7,60,351461,8320139,-15.190454,49.617223,6,453,125,C,Valley,RF,Jumping,See
SOA,29-03-11,20:42,Avahi laniger,2,16,7,300,333129,8346022,-14.955416,49.448306,5,1023,1850,B,Valley,RF,Jumping,Seen
SOA,04-04-11,20:48,Avahi laniger,1,10,7,80,333121,8345980,-14.955795,49.448229,4,986,1825,B,Valley,RF,Stop,Seen
1MGB,26-03-11,07:25,Eulemur albifrons,2,5,na,250,338823,8306546,-15.312553,49.498729,8,616,325,M,,RF,Alarm call,Call
1MGB,26-03-11,07:26,Indri indri,5,15,na,250,338823,8306546,-15.312553,49.498729,8,616,325,M,,RF,Social call,Call
1MGB,27-03-11,09:40,Indri indri,3,20,na,90,339398,8307729,-15.301898,49.504159,3,783,1075,Z,,RF,Social call,Call
1MGB,01-04-11,10:00,Indri indri,1,20,>100,90,339326,8308170,-15.297907,49.503517,7,773,1400,Z,,RF,Alarm call,Call
1MGB,01-04-11,10:30,Indri indri,3 to 4,20,>100,100,339346,8308438,-15.295486,49.503721,9,731,1650,Z,,RF,Social call,Call
1MGB,04-04-11,08:20,Indri indri,2 to 4,20,na,60,339283,8307254,-15.306183,49.503058,6,734,450,Z,,RF,Social call,Call
1MGB,04-04-11,10:00,Indri indri,4 to 5,20,na,200,339386,8308396,-15.295869,49.50409,11,743,1575,Z,,RF,Social call,Call
1MGB,15-04-11,07:44,Indri indri,na,na,>500,230,339044,8306605,-15.312034,49.500791,7,595,50,M,,RF,Social call,Call
1MGB,15-04-11,09:01,Indri indri,na,na ,>500,220,337718,8306290,-15.314798,49.488422,5,652,1675,M,,RF,Social call,Call
1MGB,15-04-11,09:02,Indri indri,na,na,>200,220,337718,8306290,-15.314798,49.488422,5,652,1675,M,,RF,Social call,Call
1MGB,15-04-11,09:05,Indri indri,2,5,30,190,337692,8306288,-15.314814,49.48818,4,646,1700,M,,RF,Alarm call,Call
1MGB,22-04-11,09:09,Indri indri,na,na,500,220,339840,8305769,-15.319639,49.50815,4,506,1100,G,,RF,Calling,Call
1MGB,03-05-11,09:11,Indri indri,na,na,>500,300,337693,8306292,-15.314778,49.48819,4,640,1725,M,,RF,Calling,Hear
1MGB,06-05-11,08:39,Indri indri,na,na,>500,180,338150,8306416,-15.313686,49.492453,8,661,1250,M,,RF,Calling,Hear
1MGB,06-05-11,09:06,Indri indri,na,na,500,200,337566,8306214,-15.315475,49.487002,6,679,1925,M,,RF,Calling,Hear
1MGB,12-05-11,09:13,Indri indri,na,na,30,20,339375,8308329,-15.296473,49.503984,9,789,1550,Z,,RF,Calling,Hear
1MGB,13-05-11,08:40,Indri indri,na,na,100,160,338695,8306587,-15.312175,49.49754,9,451,1000,M,,RF,Calling,Hear
1MGB,14-05-11,08:43,Indri indri,na,na,50,60,338515,8306475,-15.313176,49.495856,6,540,725,M,,RF,Calling,Hear
1MGB,14-05-11,08:29,Indri indri,na,na,300,20,339798,8305795,-15.319402,49.50776,6,527,1050,G,,RF,Calling,Hear
1MGB,30-03-11,21:50,Microcebus rufus*,1,3,na,340,339230,8306410,-15.313808,49.50251,15,372,25,G,,RF,Sitting,Eye shine
1MGB,12-05-11,09:13,Varecia variegata,na,na,20,120,339375,8308329,-15.296473,49.503984,9,789,1550,Z,,RF,Calling,Hear
2AJB,11-12-10,18:56,Avahi laniger,2,3,6,230,351721,8320755,-15.184902,49.619679,6,595,1525,C,,RF,Stop,
2AJB,11-12-10,19:38,Avahi laniger,2,10,10,300,351259,8320527,-15.186936,49.615366,5,483,975,C,,RF,Stop,
2AJB,11-12-10,19:55,Avahi laniger,1,5,4,340,351119,8320388,-15.188184,49.614054,5,467,750,C,,RF,Stop,
2AJB,11-12-10,18:40,Cheirogaleus major,2,15,15,0,351766,8320755,-15.184904,49.620098,6,606,1625,C,,RF,Stop then moved,
2AJB,11-12-10,19:45,Cheirogaleus major,2,15,15,240,351206,8320480,-15.187358,49.61487,5,475,875,C,,RF,Stop,
2AJB,15-11-10,19:51,Cheirogaleus major,2,10,11,200,352367,8319293,-15.198153,49.625606,5,501,1375,R,,RF,Stop,
2AJB,11-12-10,18:49,Microcebus rufus*,1,2,5,220,351769,8320758,-15.184877,49.620126,9,603,1600,C,,RF,Stop then Feeding,
3AJB,06-10-11,18:25,Eulemur albifrons,?,?,7,300,351817,8320947,-15.183172,49.620584,3,679,1800,C,,RF,Calling,
1MGB,08-04-11,18:20,Avahi laniger,1,3,8,220,339292,8308601,-15.29401,49.503228,5,728,1850,Z,Ridge,SF,Stop,See
1MGB,08-04-11,19:35,Avahi laniger,2,8,3,140,339334,8307858,-15.300728,49.503572,4,786,875,Z,Ridge,SF,Stop,See
1MGB,12-04-11,18:35,Avahi laniger,1,5,7,340,337714,8306283,-15.314861,49.488385,5,663,1675,M,Ridge,SF,Stop,See
1MGB,14-04-11,18:23,Avahi laniger,1,8,15,80,339583,8306027,-15.317292,49.505773,9,531,475,G,Ridge,SF,Stop,See
1MGB,14-04-11,18:37,Avahi laniger,1,5,7,280,339481,8306150,-15.316174,49.504831,4,534,650,G,Ridge,SF,Stop,See
1MGB,18-04-11,19:51,Avahi laniger,1,8,5,80,339585,8306026,-15.317301,49.505791,5,539,675,G,Ridge,SF,Jumping,See
1MGB,22-04-11,19:25,Cheirogaleus major,1,3,6,40,339199,8307391,-15.30494,49.502285,6,753,325,Z,Ridge,SF,Jumping,See
1MGB,14-04-11,08:29,Eulemur albifrons,4,3,5,160,339888,8305684,-15.320411,49.508591,5,488,1225,G,Ridge,SF,Stop,See
2AJB,29-10-10,19:04,Avahi laniger,2,3,10,280,351790,8319594,-15.195399,49.620253,3,481,775,A,Ridge,SF,Stop,
2AJB,29-10-10,19:25,Avahi laniger,3,4,3,180,351667,8319312,-15.197941,49.619091,9,475,425,A,Ridge,SF,Stop,
2AJB,11-03-10,18:57,Avahi laniger,2,5,7,280,351333,8320548,-15.18675,49.616056,3,476,1025,C,Ridge,SF,Stop,
2AJB,11-10-10,19:18,Avahi laniger,3,5,5,260,351761,8319411,-15.197051,49.619972,4,479,600,A,Ridge,SF,Stop,
2AJB,11-10-10,19:38,Avahi laniger,1,3,10,220,351620,8319289,-15.198146,49.618653,9,422,400,A,Ridge,SF,Stop,
2AJB,11-11-10,18:54,Avahi laniger,2,4,6,220,351792,8319455,-15.196656,49.620263,5,490,825,A,Ridge,SF,Jumping,
2AJB,15-11-10,18:57,Avahi laniger,2,8,10,300,352215,8318500,-15.205311,49.624144,7,527,475,R,Ridge,SF,Sleep,
2AJB,15-11-10,20:03,Avahi laniger,1,4,60,290,352323,8319183,-15.199144,49.62519,4,509,1250,R,Ridge,SF,Jumping,
2AJB,15-10-10,20:22,Cheirogaleus major,1,20,20,350,351351,8319209,-15.198854,49.616144,4,373,75,A,Ridge,SF,Stop,
2AJB,11-03-10,19:20,Cheirogaleus major,1,10,8,180,351137,8320395,-15.188122,49.614222,6,479,750,C,Ridge,SF,Stop,
2AJB,19-10-10,09:30,Eulemur albifrons,7,10,20,250,351117,8320387,-15.188193,49.614036,3,468,750,C,Ridge,SF,Jumping,
2AJB,19-10-10,10:18,Eulemur albifrons,2,11,8,80,351771,8320756,-15.184895,49.620144,5,616,1625,C,Ridge,SF,Jumping,
2AJB,11-01-10,08:25,Eulemur albifrons,2,9,7,220,351137,8320383,-15.18823,49.614222,5,480,725,C,Ridge,SF,Jumping,
2AJB,11-01-10,19:10,Eulemur albifrons,1,12,4,30,351272,8320522,-15.186982,49.615486,5,512,950,C,Ridge,SF,Stop,
2AJB,11-08-10,07:45,Eulemur albifrons,4,10,7,20,351322,8319190,-15.199024,49.615873,3,365,75,A,Ridge,SF,Jumping,
2AJB,11-08-10,19:10,Eulemur albifrons,2,9,5,260,351791,8319472,-15.196502,49.620255,4,326,775,A,Ridge,SF,stop,
2AJB,11-10-10,19:00,Eulemur albifrons,2,5,7,120,351778,8319657,-15.194829,49.620145,7,513,875,A,Ridge,SF,Sleep,
2AJB,11-10-10,19:30,Eulemur albifrons,2,10,6,280,351663,8319313,-15.197932,49.619054,3,476,450,A,Ridge,SF,Stop,
2AJB,11-12-10,19:37,Eulemur albifrons,2,4,3,40,352206,8318533,-15.205013,49.624063,5,500,425,R,Ridge,SF,Sleep,
2AJB,11-05-10,18:59,Microcebus rufus*,1,5,9,180,352236,8318754,-15.203017,49.624355,6,480,700,R,Ridge,SF,Sleep,
2AJB,11-05-10,19:11,Microcebus rufus*,1,2,4,140,352217,8318603,-15.204381,49.624169,7,481,525,R,Ridge,SF,Jumping,
2AJB,11-10-10,18:55,Microcebus rufus*,1,2,6,150,351785,8319726,-15.194206,49.620214,5,382,950,A,Ridge,SF,Stop,
2AJB,11-12-10,18:52,Microcebus rufus*,1,3,5,80,352348,8319016,-15.200655,49.625413,6,528,1025,R,Ridge,SF,Jumping,
2MGB,12-06-12,20:22,Avahi laniger,1,6,30,60,338763,8306529,-15.312703,49.498169,4,615,400,M,Ridge,SF,Stop,See
2MGB,25-06-12,18:06,Avahi laniger,1,6,7,25,340211,8305291,-15.323982,49.511574,4,381,1925,R,Ridge,SF,Stop,See
2MGB,12-06-12,20:38,Eulemur albifrons,?,?,~20,300,338944,8306582,-15.312236,49.499858,6,610,200,M,Ridge,SF,Sleep,Heard
2MGB,11-07-12,08:45,Eulemur albifrons,5,8,6,10,339322,8306309,-15.314727,49.50336,3,609,225,R,Ridge,SF,Stop then Feeding,See
2MGB,12-06-12,20:42,Microcebus rufus*,1,8,7,40,338949,8306578,-15.312272,49.499904,6,609,200,M,Ridge,SF,Stop,See
4AJB,23-08-12,19:20,Avahi laniger,2,6,7,210,352366,8319054,-15.200313,49.625582,5,546,1250,R,Ridge,SF,Stop,See
4AJB,04-10-12,19:31,Avahi laniger,1,10,7,160,352224,8318711,-15.203405,49.624241,5,502,800,R,Ridge,SF,Stop,See
4AJB,11-10-12,19:29,Avahi laniger,2,08-Jan,7,260,352342,8319083,-15.200049,49.625361,7,538,1250,R,Ridge,SF,Stop ,See
4AJB,13-10-12,19:31,Avahi laniger,1,3,7,100,351176,8320279,-15.189173,49.614579,5,479,650,C,Ridge,SF,Stop ,See
4AJB,29-08-12,09:37,Eulemur albifrons,5,4,7,280,352299,8318892,-15.201773,49.624949,5,568,1050,R,Ridge,SF,Jumping,See
4AJB,05-10-12,09:18,Eulemur albifrons,8,10,7,140,352280,8318949,-15.201257,49.624776,5,534,1100,R,Ridge,SF,Feeding,See
4AJB,05-10-12,09:39,Eulemur albifrons,4,11,7,160,352232,8318661,-15.203857,49.624312,5,490,775,R,Ridge,SF,Jumping,See
4AJB,06-10-12,07:56,Eulemur albifrons,5,4,7,20,351613,8319288,-15.198155,49.618587,5,442,625,A,Ridge,SF,Jumping,See
4AJB,06-10-12,08:17,Eulemur albifrons,3,6,7,330,351793,8319787,-15.193655,49.620292,6,551,1100,A,Ridge,SF,Feeding,See
4AJB,09-10-12,09:17,Eulemur albifrons,3,5,7,340,351777,8319404,-15.197116,49.620121,6,552,425,A,Ridge,SF,Feeding,See
4AJB,23-08-12,19:05,Microcebus rufus,1,8,7,200,352321,8319173,-15.199235,49.625171,6,445,1375,R,Ridge,SF,Stop,See
4AJB,25-09-12,19:11,Microcebus rufus,1,4,7,60,352326,8319179,-15.199181,49.625217,4,532,1400,R,Ridge,SF,Stop ,See
4AJB,11-10-12,19:12,Microcebus rufus,1,10,7,240,352377,8319298,-15.198108,49.625699,6,546,1525,R,Ridge,SF,Stop,See
FRK,14.6.11,18:22,Avahi laniger,1,3,7,240,375565,8294026,-15.427759,49.840276,3,641,300,F,Ridge,SF,Stop,See
FRK,19.7.11,19:41,Avahi laniger,2,5,7,170,375336,8293994,-15.428037,49.838141,4,289,600,F,Ridge,SF,Stop,See
FRK,20.7.11,19:28,Avahi laniger,2,12,7,65,375235,8293970,-15.428249,49.837198,5,305,775,F,Ridge,SF,Stop,See
FRK,20.7.11,19:23,Avahi laniger,2,11,7,100,375184,8293923,-15.428672,49.836721,4,269,850,F,Ridge,SF,Stop,See
FRK,28.6.11,19:10,Avahi laniger,3,5,7,340,375120,8293799,-15.429789,49.836118,5,253,950,F,Ridge,SF,Stop,See
FRK,19.7.11,19:18,Avahi laniger,2,12,7,60,375155,8293864,-15.429204,49.836447,4,243,950,F,Ridge,SF,Stop,See
FRK,14.6.11,19:31,Avahi laniger,1,3,7,260,375134,8293815,-15.429645,49.836249,5,641,975,F,Ridge,SF,Stop,See
FRK,11.7.11,19:04,Avahi laniger,1,8,7,20,374996,8293775,-15.43,49.834961,5,235,1125,F,Ridge,SF,Stop,See
FRK,11.7.11,18:58,Avahi laniger,1,9,7,20,374975,8293775,-15.429999,49.834766,4,236,1150,F,Ridge,SF,Stop,See
FRK,28.6.11,18:52,Avahi laniger,3,8,7,80,374944,8293778,-15.429971,49.834477,3,230,1175,F,Ridge,SF,Jumping,See
FRK,19.7.11,18:52,Avahi laniger,3,7,7,145,374754,8293710,-15.430576,49.832703,3,181,1350,F,Ridge,SF,Stop,See
FRK,19.7.11,18:43,Avahi laniger,2,8,7,140,374751,8293698,-15.430684,49.832674,3,174,1425,F,Ridge,SF,Stop,See
FRK,19.7.11,18:24,Avahi laniger,1,10,7,120,374540,8293613,-15.431442,49.830704,6,110,1675,F,Ridge,SF,Stop,See
FRK,20.7.11,18:22,Avahi laniger,2,5,7,65,374493,8293588,-15.431666,49.830265,4,113,1725,F,Ridge,SF,Stop,See
FRK,28.6.11,19:40,Eulemur albifrons,1,10,7,100,375365,8293959,-15.428355,49.838409,5,252,525,F,Ridge,SF,Stop,See
FRK,28.6.11,19:40,Eulemur albifrons,1,10,7,120,375365,8293959,-15.428355,49.838409,5,252,525,F,Ridge,SF,Stop,See
FRK,28.6.11,19:04,Eulemur albifrons,4,15,7,280,375120,8293790,-15.429871,49.836118,4,250,950,F,Ridge,SF,Stop,See
FRK,24.6.11,09:15,Eulemur albifrons,2,10,7,20,375534,8294820,-15.420581,49.840027,4,298,1325,K,Ridge,SF,Jumping,See
FRK,7.7.11,18:32,Eulemur albifrons,2?,,7,60,375405,8294911,-15.419752,49.83883,3,303,1475,K,Ridge,SF,NA,Hear
FRK,16.7.11,10:33,Eulemur albifrons,2,0,7,220,375899,8292958,-15.437429,49.843335,6,99,2000,R,Ridge,SF,Stop,Hear
FRK,14.6.11,19:16,Havomy,2,4,7,340,375149,8293841,-15.429411,49.83639,5,643,950,F,Ridge,SF,Stop,See
FRK,14.6.11,18:44,Microcebus rufus,2,15,7,40,375365,8293966,-15.428292,49.838409,5,642,525,F,Ridge,SF,Stop,See
FRK,4.7.11,19:38,Microcebus rufus,1,1.5,7,160,375234,8293972,-15.428231,49.837189,3,278,750,F,Ridge,SF,Stop,See
FRK,19.7.11,19:27,Microcebus rufus,1,1,7,27,375226,8293960,-15.428339,49.837114,4,292,775,F,Ridge,SF,Jumping,See
FRK,20.7.11,19:28,Microcebus rufus,1,2,7,120,375235,8293970,-15.428249,49.837198,5,305,775,F,Ridge,SF,Jumping,See
FRK,11.7.11,19:20,Microcebus rufus,1,1,7,320,375196,8293926,-15.428645,49.836833,6,2058? (a skyscraper),800,F,Ridge,SF,Jumping,See
FRK,11.7.11,18:45,Microcebus rufus,1,9,7,20,374895,8293763,-15.430104,49.83402,3,237,1200,F,Ridge,SF,Jumping,See
FRK,4.7.11,19:15,Microcebus rufus,1,0.5,7,240,374905,8293770,-15.430041,49.834113,3,224,1225,F,Ridge,SF,Stop,See
FRK,4.7.11,18:53,Microcebus rufus,1,1,7,20,374720,8293702,-15.430647,49.832386,3,159,1425,F,Ridge,SF,Stop,See
FRK,20.7.11,18:28,Microcebus rufus,1,1,7,100,374521,8293601,-15.43155,49.830526,3,116,1625,F,Ridge,SF,Jumping,See
FRK,20.7.11,18:17,Microcebus rufus,1,1,7,310,374495,8293565,-15.431874,49.830282,3,113,1725,F,Ridge,SF,Jumping,See
FRK,24.6.11,18:50,Microcebus rufus,1,1.8,7,60,375816,8294537,-15.423152,49.842641,3,216,825,K,Ridge,SF,Jumping,See
FRK,18.7.11,19:30,Microcebus rufus,1,10,7,340,375806,8294535,-15.42317,49.842547,3,221,850,K,Ridge,SF,Stop,See
FRK,7.7.11,19:15,Microcebus rufus,2,1,7,140,375767,8294599,-15.42259,49.842187,4,218,925,K,Ridge,SF,Stop,See
FRK,7.7.11,19:00,Microcebus rufus,1,1,7,200,375667,8294766,-15.421075,49.841264,4,302,1150,K,Ridge,SF,Stop,See
FRK,20.6.11,18:41,Microcebus rufus,1,3,7,160,375651,8294790,-15.420858,49.841116,6,378,1175,K,Ridge,SF,Jumping,See
FRK,7.7.11,18:47,Microcebus rufus,2,15,7,120,375521,8294863,-15.420191,49.839908,3,305,1325,K,Ridge,SF,Jumping,See
SLJ,02-03-11,19:17,Avahi laniger,3,15,7,340,368569,8309755,-15.285237,49.775914,3,377,1625,V,Ridge,SF,Stop,
SLJ,28-01-11,19:05,Avahi laniger,3,8,7,20,368591,8309765,-15.285147,49.776119,3,383,1650,V,Ridge,SF,Stop,
SLJ,02-03-11,19:03,Avahi laniger,1,15,7,220,368680,8309798,-15.284854,49.77695,3,356,1750,V,Ridge,SF,Stop,
SLJ,24-01-11,19:55,Avahi laniger,1,8,7,20,368536,8308451,-15.297022,49.775538,3,464,1200,W,Ridge,SF,Stop,
SLJ,02-02-11,19:45,Avahi laniger,1,10,7,320,368500,8308405,-15.297436,49.7752,4,421,1275,W,Ridge,SF,Stop,
SLJ,02-02-11,19:18,Avahi laniger,2,8,7,20,368447,8308341,-15.298012,49.774704,6,389,1375,W,Ridge,SF,Stop,
SLJ,28-01-11,19:25,Cheirogaleus major,1,5,7,340,368380,8309643,-15.286239,49.774148,5,428,1300,V,Ridge,SF,Stop,
SLJ,27-01-11,19:20,Eulemur albifrons,2,12,7,320,368609,8309768,-15.285121,49.776287,4,371,1600,V,Ridge,SF,Stop,
SOA,16-04-11,20:38,Cheirogaleus major,1,6,7,200,333243,8347144,-14.945282,49.449439,4,1092,200,C,Ridge,SF,Stop,Seen
SOA,12-04-11,09:48,Eulemur albifrons,12,11,7,40,333460,8347446,-14.942566,49.451475,3,1140,700,C,Ridge,SF,Jumping,Seen
SOA,16-04-11,09:15,Eulemur albifrons,5,12,9,120,333251,8347153,-14.945201,49.449514,4,1109,200,C,Ridge,SF,Jumping,Seen
SOA,26-04-11,20:15,Eulemur albifrons,1,8,12,300,333904,8346003,-14.955636,49.45551,4,1107,1675,D,Ridge,SF,Stop,Seen
SOA,04-05-11,09:25,Eulemur albifrons,5,10,8,160,334140,8346723,-14.949144,49.45775,4,1138,600,D,Ridge,SF,Stop,Seen
SOA,08-05-11,19:05,Eulemur albifrons,2,8,14,40,334132,8346735,-14.949035,49.457676,3,1132,600,D,Ridge,SF,Stop,Seen
SOA,13-04-11,08:40,Indri indri,1,5,14,60,333238,8347146,-14.945264,49.449392,3,1090,200,C,Ridge,SF,Jumping,Seen
SOA,11-04-11,20:04,Microcebus rufus*,1,3,12,160,333444,8347387,-14.943099,49.451323,3,1132,600,C,Ridge,SF,Stop,Seen
SOA,12-04-11,20:12,Microcebus rufus*,2,7,6,300,333459,8347422,-14.942783,49.451465,4,1140,650,C,Ridge,SF,Stop,Seen
SOA,13-04-11,20:55,Microcebus rufus*,1,4,12,260,333210,8347093,-14.945741,49.449129,4,1086,75,C,Ridge,SF,Stop,Seen
SOA,16-04-11,20:10,Microcebus rufus*,5,5,9,200,333467,8347409,-14.942901,49.451538,4,1147,625,C,Ridge,SF,Stop,Seen
SOA,26-04-11,18:49,Microcebus rufus*,1,5,3,240,334145,8346740,-14.94899,49.457798,4,1124,600,D,Ridge,SF,Jumping,Seen
SOA,19-04-11,20:25,Varecia variegata,2,20,8,40,334138,8346721,-14.949162,49.457731,4,1157,600,D,Ridge,SF,Stop,Seen
VIN,3.7.11,18:37,Avahi laniger,1,6,4,80,336605,8289384,-15.467519,49.476947,4,493,475,I,Ridge,SF,Stop,See
VIN,22.6.11,19:39,Avahi laniger,1,7,5,120,336332,8289318,-15.468098,49.474399,10,484,800,I,Ridge,SF,Stop,See
VIN,30.6.11,,Avahi laniger,1,5,4,240,335759,8289283,-15.468377,49.469057,4,526,1500,I,Ridge,SF,Stop,See
VIN,5.7.11,19:05,Avahi laniger,1,4,3,230,336392,8291383,-15.449439,49.475094,3,598,1050,N,Ridge,SF,Stop,See
VIN,7.7.11,20:03,Avahi laniger,1,7,4,380,336649,8291587,-15.447612,49.477503,6,616,1425,N,Ridge,SF,Stop,See
VIN,7.7.11,20:19,Avahi laniger,1,5,3,210,336840,8291387,-15.449431,49.479269,4,580,1700,N,Ridge,SF,Stop,See
VIN,18.6.11,19:35,Avahi laniger,1,4,5,240,335643,8288891,-15.471913,49.46795,5,885,525,X,Ridge,SF,Stop,See
VIN,14.6.11,19:02,Avahi laniger,3,7,5,260,335838,8288558,-15.474935,49.469745,5,557,1050,X,Ridge,SF,Stop,See
VIN,18.6.11,18:20,Avahi laniger,1,6,4,320,336394,8288635,-15.474275,49.474931,3,527,1700,X,Ridge,SF,Stop,See
VIN,28.6.11,,Avahi laniger,1,7,5,100,336414,8288577,-15.4748,49.475114,6,538,1725,X,Ridge,SF,Stop,See
VIN,6.7.11,18:48,Avahi laniger,1,4,5,110,336044,8288521,-15.475282,49.471662,3,527,11300,X,Ridge,SF,Stop,See
VIN,6.7.11,08:53,Indri indri,3,5,10,260,336178,8288536,-15.475155,49.472912,6,538,1450,X,Ridge,SF,Jumping,See
VIN,20.6.11,08:58,Indri indri,,,50,220,336253,8296323,-15.474802,49.474135,4,528,1600,X,Ridge,SF,Calling,Hear
VIN,16.6.11,20:12,Microcebus rufus,2,2,9,70,336810,8289365,-15.467704,49.478856,9,477,250,I,Ridge,SF,Jumping,See
VIN,22.6.11,09:06,Varecia variegata,,,150,310,335844,8289345,-15.467822,49.469853,6,565,1375,I,Ridge,SF,Calling,Hear
1MGB,18-04-11,19:36,Avahi laniger,1,6,7,220,339486,8306133,-15.316327,49.504876,9,558,500,G,slope,SF,Stop,See
1MGB,26-04-11,19:43,Avahi laniger,1,7,8,20,338616,8306463,-15.313291,49.496796,4,660,600,M,Slope,SF,Stop,See
1MGB,28-04-11,20:49,Avahi laniger,1,8,5,300,339227,8306415,-15.313763,49.502483,8,620,25,G,slope,SF,Stop,See
1MGB,02-05-11,18:43,Avahi laniger,1,11,10,100,337701,8306282,-15.314869,49.488264,5,692,1700,M,slope,SF,Stop,See
1MGB,02-05-11,19:04,Avahi laniger,2,10,15,180,338130,8306416,-15.313685,49.492267,8,661,1250,M,Slope,SF,Stop,See
1MGB,04-05-11,19:39,Avahi laniger,1,6,7,280,339217,8307534,-15.303649,49.502461,5,777,550,Z,slope,SF,Stop,See
1MGB,06-05-11,19:09,Avahi laniger,1,4,3,300,339426,8307868,-15.300643,49.504429,4,783,1050,Z,slope,SF,Jumping,See
1MGB,06-05-11,19:14,Avahi laniger,1,4,6,260,339424,8307847,-15.300833,49.504409,4,783,1025,Z,Slope,SF,Stop,See
1MGB,06-05-11,19:48,Avahi laniger,1,8,6,120,339183,8307430,-15.304586,49.502138,8,740,300,Z,slope,SF,Stop,See
1MGB,25-04-11,19:17,Cheirogaleus major,1,10,8,300,339883,8305694,-15.32032,49.508545,5,466,1175,G,slope,SF,Stop,See
1MGB,05-04-11,07:45,Eulemur albifrons,5,3,7,240,339457,8306156,-15.316118,49.504608,5,604,475,G,slope,SF,Jumping,Hear
1MGB,14-04-11,08:20,Eulemur albifrons,3,8,15,220,339846,8305723,-15.320055,49.508203,4,523,1150,G,slope,SF,Jumping,See
1MGB,09-05-11,10:11,Eulemur albifrons,3,8,5,340,339495,8306146,-15.316211,49.504961,8,567,525,G,slope,SF,Jumping,See
1MGB,13-05-11,08:51,Eulemur albifrons,3,6,7,240,339866,8305702,-15.320246,49.508387,5,507,1150,G,Slope,SF,Stop,See
1MGB,14-05-11,08:52,Eulemur albifrons,4,9,8,320,338366,8306499,-15.31295,49.49447,11,329,900,M,slope,SF,Jumping,See
2MGB,12-06-12,19:11,Avahi laniger,2,4,10,110,338229,8306413,-15.313718,49.493189,5,614,1075,M,Slope,SF,Jumping,See
2MGB,15-06-12,18:17,Avahi laniger,1,6,6,100,340376,8305310,-15.323821,49.513112,5,386,2000,R,Slope,SF,Stop,See
2MGB,05-07-12,19:30,Avahi laniger,1,8,9,200,339154,8307433,-15.304558,49.501868,5,708,925,Z,Slope,SF,Stop,See
2MGB,18-07-12,18:53,Avahi laniger,1,3,4,340,338185,8306423,-15.313625,49.49278,11,616,1225,M,Slope,SF,Jumping,See
2MGB,18-07-12,19:01,Avahi laniger,1,5,7,20,338180,8306411,-15.313733,49.492733,10,629,1200,M,Slope,SF,Stop,See
2MGB,15-06-12,18:17,Eulemur albifrons,?,?,30,140,340276,8305310,-15.323815,49.512181,5,386,2000,R,Slope,SF,Calling,Heard
2MGB,25-07-12,09:41,Eulemur albifrons,4,6,7,200,339992,8305649,-15.320733,49.509557,6,455,1400,R,Slope,SF,Feeding,See
2MGB,12-06-12,19:19,Lepilemur,1,12,7,260,338231,8306413,-15.313718,49.493208,9,618,1075,M,Slope,SF,Stop,See
2MGB,12-06-12,18:30,Microcebus rufus*,1,3,7,150,337872,8306334,-15.31441,49.489859,3,650,1525,M,Slope,SF,Jumping,See
2MGB,12-06-12,19:34,Microcebus rufus*,1,5,7,70,338320,8306422,-15.313643,49.494037,8,612,1000,M,Slope,SF,Jumping,See
2MGB,05-07-12,19:31,Microcebus rufus*,1,15,7,220,339154,8307433,-15.304558,49.501868,5,708,925,Z,Slope,SF,Jumping,see
2MGB,24-07-12,18:36,Microcebus rufus*,2,4,7,240,340029,8305607,-15.321115,49.509899,9,439,240,R,Slope,SF,Jumping,See
4AJB,16-08-12,19:35,Avahi laniger,1,5,7,20,351805,8319650,-15.194894,49.620396,3,494,825,A,Slope,SF,Stop,See
4AJB,20-09-12,19:24,Avahi laniger,1,7,7,220,351804,8319512,-15.196141,49.620378,4,519,750,A,Slope,SF,Stop,See
4AJB,20-09-12,19:51,Avahi laniger,1,10,7,340,351448,8319272,-15.19829,49.617051,4,225,225,A,Slope,SF,Stop,see
4AJB,31-08-12,18:51,Microcebus rufus,1,15,7,160,352067,8320342,-15.188654,49.622875,5,587,1775,A,Slope,SF,Jumping,See
4AJB,03-09-12,19:06,Microcebus rufus,1,12,7,200,352020,8320151,-15.190378,49.622426,6,576,1600,A,Slope,SF,Stop,See
4AJB,25-09-12,19:05,Microcebus rufus,1,3,7,200,352345,8319265,-15.198404,49.625399,4,519,1500,R,Slope,SF,Stop,See
4AJB,25-09-12,19:40,Microcebus rufus,1,8,7,220,352250,8318763,-15.202936,49.624486,4,512,875,R,Slope,SF,Stop,See
FRK,28.6.11,20:25,Avahi laniger,4,2,7,100,375748,8294183,-15.426349,49.841989,4,178,25,F,Slope,SF,Stop,See
FRK,14.6.11,20:45,Avahi laniger,2,15,7,100,374413,8293525,-15.432231,49.829516,4,641,1875,F,Slope,SF,Jumping,See
FRK,17.6.11,18:23,Eulemur albifrons,4?,15?,7,80,375759,8292978,-15.437242,49.842031,8,590,1725,R,Slope,SF,Stop,Hear
FRK,1.7.11,18:18,Eulemur albifrons,1,10,7,280,375899,8292963,-15.437384,49.843335,5,123,1950,R,Slope,SF,Stop,See
FRK,14.6.11,19:42,Microcebus rufus,2,10,7,340,375053,8293775,-15.430003,49.835492,6,643,1100,F,Slope,SF,Stop,See
FRK,14.6.11,19:52,Microcebus rufus,1,2,7,220,374970,8293768,-15.430059,49.834197,6,640,1178,F,Slope,SF,Jumping,See
FRK,14.6.11,20:01,Microcebus rufus,1,2,7,240,374914,8293768,-15.430059,49.834197,3,643,1223,F,Slope,SF,Jumping,See
FRK,17.6.11,19:13,Microcebus rufus,1,4,7,60,376080,8293886,-15.42905,49.845068,10,692,175,R,Slope,SF,Jumping,See
FRK,1.7.11,19:24,Microcebus rufus,1,5,7,320,375972,8293746,-15.43031,49.844055,6,69,350,R,Slope,SF,Jumping,See
SOA,12-04-11,19:36,Avahi laniger,1,6,7,280,333697,8347729,-14.940024,49.453697,4,1132,1250,C,Slope,SF,Stop,Seen
SOA,14-04-11,20:59,Avahi laniger,1,5,7,260,333386,8347249,-14.944342,49.450775,5,1119,375,C,Slope,SF,Stop,Seen
SOA,16-04-11,19:20,Avahi laniger,2,8,7,220,333752,8347822,-14.939186,49.454214,6,1160,1375,C,Slope,SF,Stop,Seen
SOA,19-04-11,21:05,Avahi laniger,1,6,7,320,333965,8347056,-14.946123,49.456145,4,1125,100,D,Slope,SF,Stop,Seen
SOA,11-04-11,18:44,Eulemur albifrons,2,16,7,300,334030,8347960,-14.937957,49.456807,5,1214,1725,C,Slope,SF,Stop,Seen
SOA,12-04-11,18:42,Eulemur albifrons,2,12,7,140,334052,8347964,-14.937922,49.457012,4,1208,1775,C,Slope,SF,Stop,Seen
SOA,14-04-11,10:10,Eulemur albifrons,8,18,7,20,333856,8347907,-14.938425,49.455186,4,1184,1575,C,Slope,SF,Jumping,Seen
SOA,16-04-11,09:04,Eulemur albifrons,2,12,5,60,333148,8347030,-14.946306,49.448548,4,1072,25,C,Slope,SF,Jumping,Seen
SOA,16-04-11,18:38,Eulemur albifrons,2,8,12,160,334050,8347970,-14.937868,49.456994,4,1207,1750,C,Slope,SF,Stop,Seen
SOA,14-04-11,18:48,Microcebus rufus*,1,6,8,220,334051,8347969,-14.937877,49.457003,4,1215,1750,C,Slope,SF,Stop,Seen
SOA,14-04-11,18:55,Microcebus rufus*,1,3,7,260,333943,8347910,-14.938403,49.455995,4,1211,1625,C,Slope,SF,Stop,Seen
SOA,03-05-11,18:30,Microcebus rufus*,1,6,4,160,333974,8347045,-14.946223,49.456228,4,1131,100,D,Slope,SF,Jumping,Seen
VIN,16.6.11,20:00,Avahi laniger,1,10,15,80,336754,8289381,-15.467556,49.478335,8,486,300,I,Slope,SF,Stop,See
VIN,2.7.11,18:41,Microcebus rufus,1,5,3,90,336090,8291176,-15.45129,49.472267,7,594,625,N,Slope,SF,Jumping,See
2MGB,17-07-12,18:10,Avahi laniger,1,5,7,320,337585,8306257,-15.315088,49.487182,5,638,1900,M,Valley,SF,Stop,See
2MGB,17-07-12,18:45,Avahi laniger,1,4,9,80,337940,8306343,-15.314333,49.490493,4,643,1450,M,Valley,SF,Jumping,See
3AJB,02-09-11,19:47,Avahi laniger,1,7,7,140,351407,8320083,-15.190957,49.616717,8,430,125,C,Valley,SF,Stop,
4AJB,31-08-12,18:35,Avahi laniger,1,10,7,200,352158,8320986,-15.182839,49.62376,4,627,2025,A,Valley,SF,Stop ,See
4AJB,30-08-12,08:57,Eulemur albifrons,4,8,7,288,351131,8320395,-15.188122,49.614167,4,495,750,C,Valley,SF,Jumping,See
FRK,9.7.11,19:30,Avahi laniger,1,10,7,60,375972,8293771,-15.430084,49.844056,5,67,300,R,Valley,SF,Stop,See
FRK,17.6.11,19:06,Avahi laniger,1,10,7,340,375978,8293773,-15.430066,49.844112,4,667,325,R,Valley,SF,Stop,See
FRK,9.7.11,19:20,Avahi laniger,1,4,7,340,375800,8293541,-15.432155,49.842442,5,122,625,R,Valley,SF,Stop,See
FRK,21.6.11,19:27,Avahi laniger,1,15,7,20,375803,8293529,-15.432263,49.842469,6,36,650,R,Valley,SF,Stop,See
FRK,27.6.11,19:32,Avahi laniger,3,8,7,60,375790,8293542,-15.432145,49.842349,8,40,650,R,Valley,SF,Stop,See
FRK,17.6.11,18:50,Avahi laniger,1,8,7,340,375770,8293477,-15.432732,49.842159,9,641,700,R,Valley,SF,Stop,See
FRK,27.6.11,19:15,Avahi laniger,1,7,7,40,375766,8293495,-15.432569,49.842123,8,39,700,R,Valley,SF,Stop,See
FRK,9.7.11,19:10,Avahi laniger,1,6,7,40,375759,8293478,-15.432722,49.842057,5,129,700,R,Valley,SF,Stop,See
FRK,7.7.11,19:58,Eulemur albifrons,2?,,7,100,376282,8294464,-15.423835,49.846979,3,73,150,K,Valley,SF,NA,Hear
FRK,14.7.11,19:15,Eulemur albifrons,3,10,7,340,375906,8293606,-15.431572,49.843433,4,50,500,R,Valley,SF,Stop,Hear
FRK,16.7.11,09:38,Eulemur albifrons,3,5 to 8,7,240,375709,8293423,-15.433217,49.841588,9,31,825,R,Valley,SF,Jumping,See
FRK,27.6.11,18:47,Eulemur albifrons,1,10,7,20,375551,8293093,-15.436192,49.840099,7,44,1400,R,Valley,SF,Stop,See
FRK,7.7.11,20:08,Microcebus rufus,2,8,7,220,376235,8294380,-15.424592,49.846537,3,110,25,K,Valley,SF,Stop,See
FRK,14.7.11,19:00,Microcebus rufus,2,10,7,40,375712,8293449,-15.432982,49.841617,6,34,750,R,Valley,SF,Jumping,See
FRK,21.6.11,19:00,Microcebus rufus,1,2,7,40,375722,8293418,-15.433263,49.841709,8,36,800,R,Valley,SF,Stop,See
FRK,21.6.11,18:52,Microcebus rufus,1,4,7,20,375593,8293396,-15.433455,49.840506,5,55,900,R,Valley,SF,Jumping,See
FRK,1.7.11,19:00,Microcebus rufus,1,2,7,200,375514,8293275,-15.434545,49.839763,7,27,1075,R,Valley,SF,Jumping,See
SOA,07-04-11,21:18,Avahi laniger,2,5,7,20,333098,8346131,-14.954428,49.448025,4,1044,1975,B,Valley,SF,Stop,Seen
SOA,07-04-11,21:26,Avahi laniger,1,6,7,280,333085,8346129,-14.954446,49.447904,4,1022,2000,B,Valley,SF,Stop,Seen
SOA,18-04-11,19:32,Avahi laniger,1,4,7,340,333990,8346127,-14.954521,49.456317,4,1039,1425,D,Valley,SF,Stop,Seen
SOA,01-04-11,10:30,Eulemur albifrons,15,5,7,300,333069,8344848,-14.966022,49.447672,4,1022,100,B,Valley,SF,Stop,Seen
SOA,01-04-11,19:56,Eulemur albifrons,2,10,7,20,333005,8345776,-14.957631,49.447137,6,1009,1400,B,Valley,SF,Stop,Seen
SOA,04-04-11,18:32,Eulemur albifrons,4,8,7,320,333037,8344829,-14.966192,49.447373,4,930,100,B,Valley,SF,Stop,Seen
SOA,04-04-11,20:32,Eulemur albifrons,2,12,7,260,333117,8345946,-14.956102,49.44819,4,1000,1750,B,Valley,SF,Stop,Seen
SOA,07-04-11,18:48,Eulemur albifrons,1,8,7,340,333139,8344938,-14.965213,49.448329,6,983,250,B,Valley,SF,Stop,Seen
SOA,07-04-11,19:58,Eulemur albifrons,9,6,7,20,333023,8345514,-14.96,49.447288,5,991,1225,B,Valley,SF,Stop,Seen
SOA,15-04-11,18:44,Eulemur albifrons,2,12,7,240,333288,8345065,-14.964075,49.449722,6,1077,500,C,Valley,SF,Stop,Seen
SOA,15-04-11,19:50,Eulemur albifrons,5,13,,340,333084,8345424,-14.960817,49.447849,5,957,1150,B,Valley,SF,Stop,Seen
SOA,04-04-11,19:47,Eulemur rubriventer,2,6,,40,332974,8345852,-14.956942,49.446854,3,1034,1200,B,Valley,SF,Stop,Seen
SOA,07-04-11,20:29,Microcebus rufus*,1,6,7,320,332987,8345664,-14.958642,49.446963,3,1002,1325,B,Valley,SF,Stop,Seen
SOA,18-04-11,19:25,Varecia variegata,2,16,6,60,333968,8346099,-14.954772,49.456111,4,1110,1525,D,Valley,SF,Stop,Seen
1MGB,30-03-11,18:50,Avahi laniger,1,5,na,90,340257,8305298,-15.323922,49.512003,17,374,1950,G,,SF,Sitting,Eye shine
1MGB,30-03-11,18:30,Cheirogaleus major,2,5,na,300,340362,8305306,-15.323856,49.512981,9,405,2000,G,,SF,"Movement, Whistling call",Moving
1MGB,18-04-11,08:53,Indri indri,na,na,100,60,339637,8305981,-15.317711,49.506273,3,543,725,G,,SF,Calling,Call
2AJB,23-10-10,19:30,Avahi laniger,1,12,10,280,351283,8320162,-15.190236,49.615567,5,476,350,C,,SF,Sleep,
2AJB,26-10-10,19:29,Avahi laniger,1,4,8,260,352215,8318501,-15.205302,49.624145,7,502,425,R,,SF,Stop,
2AJB,28-10-10,18:56,Eulemur albifrons,6,9,20,260,351312,8320542,-15.186803,49.61586,5,502,1000,C,,SF,Stop,
2AJB,25-10-10,09:05,Eulemur albifrons,4,12,8,260,352331,8318977,-15.201007,49.625252,7,494,1075,R,,SF,Jumping,
2AJB,26-10-10,18:25,Microcebus rufus*,1,2,5,300,352425,8319354,-15.197604,49.626149,4,499,1450,R,,SF,Stop,
2AJB,26-10-10,19:24,Microcebus rufus*,1,3,7,180,352209,8318636,-15.204082,49.624097,7,455,575,R,,SF,Jumping,
2AJB,26-10-10,19:38,Microcebus rufus*,2,2,7,200,352197,8318432,-15.205925,49.623973,5,501,325,R,,SF,Stop,
2AJB,28-10-10,19:15,Varecia rubra,2,12,7,180,351129,8320376,-15.188293,49.614147,3,479,700,C,,SF,Sleep,
FRK,17.6.11,18:12,Avahi laniger,1,4,7,140,375840,8292949,-15.437508,49.842785,6,622,1900,R,,SF,Stop,See
FRK,17.6.11,17:59,Avahi laniger,3,5,7,120,375899,8292968,-15.437339,49.843336,6,642,2000,R,,SF,Jumping,See
SLJ,28-01-11,18:54,Avahi laniger,2,3,7,320,368627,8309777,-15.285041,49.776455,3,379,1675,V,,SF,Stop,
SLJ,24-01-11,19:45,Avahi laniger,2,3,7,120,368489,8308374,-15.297715,49.775096,3,415,1275,W,,SF,Jumping,
SLJ,28-01-11,19:00,Microcebus rufus,1,3,7,320,368615,8309768,-15.285122,49.776343,3,381,1675,V,,SF,Stop,
VIN,3.7.11,08:17,Indri indri,,,250,300,336088,8289479,-15.466627,49.472135,4,501,825,I,,SF,Calling,Hear
VIN,3.7.11,08:35,Indri indri,,,200,260,336605,8289340,-15.467917,49.476944,5,493,1100,I,,SF,Calling,Hear
VIN,30.6.11,09:02,Indri indri,,,150,180,335672,8289063,-15.47036,49.468231,4,572,1800,I,,SF,Calling,Hear
VIN,4.7.11,08:39,Indri indri,,,50,160,336348,8288573,-15.474832,49.474498,6,548,1650,X,,SF,Calling,Hear
VIN,28.6.11,,Indri indri,,,150,200,336550,8288551,-15.475044,49.476379,5,504,1875,X,,SF,Calling,Hear
VIN,24.6.11,07:41,Varecia variegata,,,200,320,336137,8290841,-15.454321,49.472682,5,515,100,N,,SF,Calling,Hear
VIN,2.7.11,08:53,Varecia variegata,,,300,280,335986,8291013,-15.452757,49.471287,5,580,375,N,,SF,Calling,Hear
VIN,7.7.11,,Varecia variegata,,,200,160,335798,8288584,-15.474697,49.469374,5,552,975,X,,SF,Calling,Hear
1MGB,25-04-11,19:27,Avahi laniger,1,6,7,100,339780,8305833,-15.319057,49.507595,3,502,1000,G,Ridge,SK,Stop,See
2AJB,13-11-10,09:02,Eulemur albifrons,5,10,20,220,352131,8317945,-15.210323,49.62333,5,415,0,R,Ridge,SK,Moving / Grunting,
FRK,4.7.11,18:30,Microcebus rufus,1,10,7,160,374583,8293628,-15.431309,49.831105,3,129,1625,F,Ridge,SK,Jumping,See
FRK,4.7.11,18:12,Microcebus rufus,1,1,7,340,374369,8293499,-15.432464,49.829105,4,92,1900,F,Ridge,SK,Jumping,See
FRK,4.7.11,18:08,Microcebus rufus,1,2,7,220,374329,8293490,-15.432544,49.828731,3,93,1950,F,Ridge,SK,Stop,See
SLJ,27-01-11,19:59,Avahi laniger,1,3,7,160,367523,8309136,-15.290778,49.766141,3,369,700,F,Ridge,SK,Jumping,
SLJ,27-01-11,19:39,Avahi laniger,2,12,7,280,368043,8309615,-15.286475,49.771008,3,477,775,V,Ridge,SK,Stop,
SLJ,27-01-11,19:28,Avahi laniger,1,10,7,300,368221,8309553,-15.287045,49.772663,3,472,975,V,Ridge,SK,Stop,
SLJ,26-01-11,19:14,Avahi laniger,2,10,7,280,368460,8309738,-15.285385,49.774898,3,390,1500,V,Ridge,SK,Stop,
SLJ,01-10-11,19:02,Eulemur albifrons,1,5,7,220,367870,8309471,-15.287768,49.76939,4,426,50,F,Ridge,SK,Sleep,
SLJ,13-01-11,08:30,Eulemur albifrons,2,6,7,160,367749,8309625,-15.28637,49.768271,4,396,425,V,Ridge,SK,Jumping,
SLJ,31-01-11,18:55,Eulemur albifrons,4,10,7,340,367981,8308407,-15.297391,49.770367,3,355,1950,W,Ridge,SK,Stop,
SLJ,01-10-11,19:20,Microcebus rufus,3,10,7,260,367854,8309361,-15.288762,49.769235,4,398,175,F,Ridge,SK,Jumping,
SLJ,28-01-11,19:35,Microcebus rufus,1,4,7,240,367561,8309307,-15.289235,49.766504,3,374,600,F,Ridge,SK,Stop,
SLJ,24-01-11,19:15,Microcebus rufus,2,1.5,7,60,368229,8308374,-15.297702,49.772675,3,415,1600,W,Ridge,SK,Stop,
SLJ,01-10-11,19:30,Microcebus rufus,1,1,7,160,367825,8309366,-15.288715,49.768965,4,387,250,F,Valley,SK,Jumping,
SLJ,01-10-11,20:00,Microcebus rufus,2,1,7,140,367646,8309378,-15.288597,49.767299,4,369,450,F,Valley,SK,Jumping,
SLJ,26-01-11,20:11,Microcebus rufus,2,4,7,140,367561,8309307,-15.289235,49.766504,5,361,600,F,Valley,SK,Stop,
SLJ,25-01-11,20:14,Avahi laniger,1,7,7,40,368807,8308421,-15.297307,49.77806,5,444,875,W,,SK,Jumping,
SLJ,28-01-11,19:40,Cheirogaleus major,1,6,7,220,368028,8309592,-15.286682,49.770867,3,483,750,V,,SK,Jumping,
SLJ,28-01-11,20:05,Microcebus rufus,2,3,7,20,367869,8309393,-15.288473,49.769376,3,418,125,F,,SK,Jumping,
SLJ,28-01-11,20:05,Microcebus rufus,2,3,7,20,367869,8309393,-15.288473,49.769376,3,418,125,F,,SK,Jumping,
2AJB,10-01-10,18:50,Avahi laniger,1,5,9,120,351703,8319352,-15.197581,49.619429,5,461,200,A,Ridge,,Stop,
2AJB,10-05-10,19:15,Avahi laniger,1,6,3,280,352201,8318445,-15.205808,49.624011,5,517,350,R,Ridge,,Stop,
2AJB,10-05-10,19:35,Avahi laniger,1,9,2,80,352207,8318255,-15.207525,49.624056,5,455,125,R,Ridge,,Stop,
2AJB,10-09-10,18:36,Avahi laniger,7,8,5,340,351433,8320062,-15.191149,49.616958,6,495,75,C,Ridge,,NA,
2AJB,15-10-10,18:46,Avahi laniger,1,15,NA,100,352345,8319249,-15.198549,49.625398,3,507,1325,R,Ridge,,Stop,
2AJB,15-10-10,19:04,Avahi laniger,1,8,6,250,352323,8319213,-15.198873,49.625191,9,515,1275,R,Ridge,,Stop,
2AJB,10-09-10,09:29,Eulemur albifrons,4,10,8,40,352080,8320300,-15.189034,49.622993,4,614,1650,A,Ridge,,Stop,
2AJB,15-10-10,19:46,Eulemur albifrons,4,10,17,160,352226,8318626,-15.204173,49.624254,4,489,575,R,Ridge,,Stop,
2AJB,10-05-10,19:00,Eulemur rubriventer,2,10,15,260,352225,8318659,-15.203875,49.624247,8,485,600,R,Ridge,,Sleep,
2AJB,15-10-10,20:06,Microcebus rufus*,2,6,9,120,352171,8318407,-15.206149,49.623729,4,501,300,R,Ridge,,Stop,
2AJB,15-10-10,20:30,Microcebus rufus*,2,3,2,220,352206,8318255,-15.207525,49.624046,3,468,125,R,Ridge,,Stop then moved,
2AJB,10-05-10,18:31,Propithecus candidus,3,14,20,340,352223,8318718,-15.203341,49.624232,4,491,675,R,Slope,,Sleep,
3AJB,02-09-11,18:45,Avahi laniger,1,5,7,40,351674,8320759,-15.184863,49.619242,5,445,1500,C,Slope,,Stop,
SOA,27-03-11,18:58,Avahi laniger,1,7,7,80,333097,8344863,-14.965888,49.447933,4,999,175,B,Slope,,Jumping,Seen
SOA,28-03-11,19:28,Hapalemur griseus,1,8,9,120,333256,8344970,-14.964931,49.449418,5,1020,350,B,Slope,,Stop,Seen
SOA,14-04-11,08:50,Propithecus candidus,4,18,12,200,333278,8347151,-14.945221,49.449765,4,1098,225,C,Slope,,Jumping,Seen
2AJB,10-09-10,18:20,Eulemur albifrons,3,12,9,300,351278,8320070,-15.191068,49.615516,9,445,200,C,Valley,,Sleep,
1MGB,26-03-11,08:40,Eulemur albifrons,5,7,na,10,338128,8306422,-15.313631,49.492249,9,664,2250,M,,,Alarm call,Call
1MGB,26-03-11,06:55,Indri indri,4 to 5,25,na,80,339036,8306508,-15.31291,49.50071,0,600,0,M,,,Social call,Call
1MGB,26-03-11,08:40,Indri indri,6 to 7,10,na,10,338128,8306422,-15.313631,49.492249,9,664,2250,M,,,Social call,Call
2MGB,15-06-12,08:02,Indri indri,?,?,7,240,339311,8307094,-15.307631,49.503308,7,597,450,Z,,,Calling,Heard
2MGB,19-06-12,09:21,Indri indri,?,?,7,210,339339,8306994,-15.308537,49.503563,,693,300,Z,,,Calling,Heard
2MGB,20-06-12,09:26,Indri indri,?,?,7,230,339243,8306403,-15.313872,49.502631,,625,75,R,,,NA,Heard
2MGB,18-07-12,09:31,Indri indri,?,?,7,20,338088,8306426,-15.313592,49.491877,5,637,1275,M,,,Calling,Heard
2MGB,19-07-12,09:43,Indri indri,?,?,7,360,338243,8306469,-15.313213,49.493323,10,632,1125,M,,,Calling,Heard
2MGB,24-07-12,09:46,Indri indri,?,?,7,100,338356,8306469,-15.31322,49.494375,8,632,900,M,,,Calling,Heard
3AJB,23-09-11,19:08,Microcebus rufus*,1,11,7,100,351538,8319289,-15.198141,49.617889,4,429,1325,R,,,Stop,
4AJB,18-08-12,10:18,Varecia rubra,?,?,7,340,352511,8319437,-15.196859,49.626954,4,510,1725,R,,,Sound,Heard
VIN,14.6.11,09:01,Indri indri,,,<500,360,336674,8289498,-15.466493,49.477598,,454,1150,I,,,Calling,Hear
VIN,14.6.11,09:12,Varecia variegata,,,50,50,335991,8289525,-15.466205,49.471235,,475,1150,I,,,Calling,Hear
